date,eu_entities_count,shadow_fleet_estimate
2022-01-01,795,33
2022-01-02,786,40
2022-01-03,816,42
2022-01-04,796,42
2022-01-05,790,46
2022-01-06,792,43
2022-01-07,810,35
2022-01-08,801,41
2022-01-09,816,38
2022-01-10,787,47
2022-01-11,807,45
2022-01-12,782,45
2022-01-13,806,41
2022-01-14,815,40
2022-01-15,805,36
2022-01-16,810,45
2022-01-17,808,36
2022-01-18,788,31
2022-01-19,803,36
2022-01-20,796,38
2022-01-21,806,43
2022-01-22,812,40
2022-01-23,791,40
2022-01-24,794,43
2022-01-25,783,37
2022-01-26,792,39
2022-01-27,804,40
2022-01-28,806,44
2022-01-29,795,47
2022-01-30,787,39
2022-01-31,798,34
2022-02-01,793,42
2022-02-02,790,42
2022-02-03,785,34
2022-02-04,808,44
2022-02-05,802,37
2022-02-06,807,40
2022-02-07,787,39
2022-02-08,819,39
2022-02-09,818,32
2022-02-10,798,42
2022-02-11,781,37
2022-02-12,795,45
2022-02-13,809,38
2022-02-14,780,42
2022-02-15,781,42
2022-02-16,794,37
2022-02-17,801,44
2022-02-18,790,40
2022-02-19,783,48
2022-02-20,791,46
2022-02-21,806,50
2022-02-22,805,40
2022-02-23,810,39
2022-02-24,1195,45
2022-02-25,1195,46
2022-02-26,1197,46
2022-02-27,1193,34
2022-02-28,1195,39
2022-03-01,1200,51
2022-03-02,1190,35
2022-03-03,1181,48
2022-03-04,1205,37
2022-03-05,1202,40
2022-03-06,1192,39
2022-03-07,1204,43
2022-03-08,1186,52
2022-03-09,1202,41
2022-03-10,1213,33
2022-03-11,1193,48
2022-03-12,1191,33
2022-03-13,1213,40
2022-03-14,1185,51
2022-03-15,1193,34
2022-03-16,1180,52
2022-03-17,1198,38
2022-03-18,1217,38
2022-03-19,1199,46
2022-03-20,1197,49
2022-03-21,1186,53
2022-03-22,1209,43
2022-03-23,1194,44
2022-03-24,1205,47
2022-03-25,1203,54
2022-03-26,1216,49
2022-03-27,1208,55
2022-03-28,1187,47
2022-03-29,1208,42
2022-03-30,1216,46
2022-03-31,1189,49
2022-04-01,1183,44
2022-04-02,1184,41
2022-04-03,1187,50
2022-04-04,1196,46
2022-04-05,1214,49
2022-04-06,1193,48
2022-04-07,1194,45
2022-04-08,1212,46
2022-04-09,1195,48
2022-04-10,1187,46
2022-04-11,1190,44
2022-04-12,1190,44
2022-04-13,1206,45
2022-04-14,1197,47
2022-04-15,1217,46
2022-04-16,1209,49
2022-04-17,1212,38
2022-04-18,1200,43
2022-04-19,1181,36
2022-04-20,1210,52
2022-04-21,1208,48
2022-04-22,1212,53
2022-04-23,1181,54
2022-04-24,1187,40
2022-04-25,1181,42
2022-04-26,1201,48
2022-04-27,1207,47
2022-04-28,1192,37
2022-04-29,1192,45
2022-04-30,1200,54
2022-05-01,1209,52
2022-05-02,1184,51
2022-05-03,1212,43
2022-05-04,1206,46
2022-05-05,1217,50
2022-05-06,1191,50
2022-05-07,1198,42
2022-05-08,1198,43
2022-05-09,1213,43
2022-05-10,1218,37
2022-05-11,1206,38
2022-05-12,1202,55
2022-05-13,1187,53
2022-05-14,1216,45
2022-05-15,1203,51
2022-05-16,1191,49
2022-05-17,1188,44
2022-05-18,1191,39
2022-05-19,1196,43
2022-05-20,1202,45
2022-05-21,1205,51
2022-05-22,1205,49
2022-05-23,1183,48
2022-05-24,1191,51
2022-05-25,1201,43
2022-05-26,1186,49
2022-05-27,1186,54
2022-05-28,1187,42
2022-05-29,1200,47
2022-05-30,1187,46
2022-05-31,1210,50
2022-06-01,1615,49
2022-06-02,1616,52
2022-06-03,1617,48
2022-06-04,1610,50
2022-06-05,1597,48
2022-06-06,1610,53
2022-06-07,1581,39
2022-06-08,1584,52
2022-06-09,1602,53
2022-06-10,1592,46
2022-06-11,1589,49
2022-06-12,1614,44
2022-06-13,1594,39
2022-06-14,1597,47
2022-06-15,1580,50
2022-06-16,1606,46
2022-06-17,1604,45
2022-06-18,1599,40
2022-06-19,1607,53
2022-06-20,1581,56
2022-06-21,1599,51
2022-06-22,1601,42
2022-06-23,1603,43
2022-06-24,1610,44
2022-06-25,1609,47
2022-06-26,1609,49
2022-06-27,1614,44
2022-06-28,1607,55
2022-06-29,1618,49
2022-06-30,1597,50
2022-07-01,1607,48
2022-07-02,1595,51
2022-07-03,1601,52
2022-07-04,1610,54
2022-07-05,1580,49
2022-07-06,1595,50
2022-07-07,1617,42
2022-07-08,1611,48
2022-07-09,1615,52
2022-07-10,1616,56
2022-07-11,1610,52
2022-07-12,1581,43
2022-07-13,1611,46
2022-07-14,1582,55
2022-07-15,1606,55
2022-07-16,1609,39
2022-07-17,1597,52
2022-07-18,1602,46
2022-07-19,1604,48
2022-07-20,1598,48
2022-07-21,1585,43
2022-07-22,1588,52
2022-07-23,1616,51
2022-07-24,1585,45
2022-07-25,1583,52
2022-07-26,1593,47
2022-07-27,1605,49
2022-07-28,1614,50
2022-07-29,1585,44
2022-07-30,1597,55
2022-07-31,1602,60
2022-08-01,1615,57
2022-08-02,1585,55
2022-08-03,1613,47
2022-08-04,1606,46
2022-08-05,1604,43
2022-08-06,1589,53
2022-08-07,1590,45
2022-08-08,1582,54
2022-08-09,1593,48
2022-08-10,1607,46
2022-08-11,1591,50
2022-08-12,1595,53
2022-08-13,1608,56
2022-08-14,1584,53
2022-08-15,1587,50
2022-08-16,1619,42
2022-08-17,1595,42
2022-08-18,1595,45
2022-08-19,1607,57
2022-08-20,1615,63
2022-08-21,1590,51
2022-08-22,1619,50
2022-08-23,1591,55
2022-08-24,1593,53
2022-08-25,1591,58
2022-08-26,1619,40
2022-08-27,1612,58
2022-08-28,1595,57
2022-08-29,1616,51
2022-08-30,1592,58
2022-08-31,1599,51
2022-09-01,1583,50
2022-09-02,1615,53
2022-09-03,1602,49
2022-09-04,1595,48
2022-09-05,1597,55
2022-09-06,1615,46
2022-09-07,1590,53
2022-09-08,1588,51
2022-09-09,1589,51
2022-09-10,1584,60
2022-09-11,1593,54
2022-09-12,1619,56
2022-09-13,1581,57
2022-09-14,1599,52
2022-09-15,1587,60
2022-09-16,1583,57
2022-09-17,1612,55
2022-09-18,1592,50
2022-09-19,1590,46
2022-09-20,1589,55
2022-09-21,1587,52
2022-09-22,1583,58
2022-09-23,1607,59
2022-09-24,1591,49
2022-09-25,1600,56
2022-09-26,1586,56
2022-09-27,1608,50
2022-09-28,1585,63
2022-09-29,1599,51
2022-09-30,1611,39
2022-10-01,1613,40
2022-10-02,1595,51
2022-10-03,1602,51
2022-10-04,1616,50
2022-10-05,1588,59
2022-10-06,1581,62
2022-10-07,1610,44
2022-10-08,1590,53
2022-10-09,1593,55
2022-10-10,1594,51
2022-10-11,1609,45
2022-10-12,1615,54
2022-10-13,1613,53
2022-10-14,1594,50
2022-10-15,1591,61
2022-10-16,1616,58
2022-10-17,1590,55
2022-10-18,1580,45
2022-10-19,1596,50
2022-10-20,1586,62
2022-10-21,1597,51
2022-10-22,1591,51
2022-10-23,1599,50
2022-10-24,1610,61
2022-10-25,1589,57
2022-10-26,1611,53
2022-10-27,1599,51
2022-10-28,1592,55
2022-10-29,1582,58
2022-10-30,1610,55
2022-10-31,1615,43
2022-11-01,1610,46
2022-11-02,1593,51
2022-11-03,1611,49
2022-11-04,1606,49
2022-11-05,1612,47
2022-11-06,1590,70
2022-11-07,1613,61
2022-11-08,1598,65
2022-11-09,1584,55
2022-11-10,1608,58
2022-11-11,1594,56
2022-11-12,1583,55
2022-11-13,1600,56
2022-11-14,1595,56
2022-11-15,1594,58
2022-11-16,1614,53
2022-11-17,1617,52
2022-11-18,1593,53
2022-11-19,1601,61
2022-11-20,1597,59
2022-11-21,1615,47
2022-11-22,1616,59
2022-11-23,1607,49
2022-11-24,1589,64
2022-11-25,1605,60
2022-11-26,1592,55
2022-11-27,1614,52
2022-11-28,1590,63
2022-11-29,1616,51
2022-11-30,1584,57
2022-12-01,2206,41
2022-12-02,2192,58
2022-12-03,2207,56
2022-12-04,2192,55
2022-12-05,2198,52
2022-12-06,2217,62
2022-12-07,2208,52
2022-12-08,2213,61
2022-12-09,2193,60
2022-12-10,2188,59
2022-12-11,2207,53
2022-12-12,2195,53
2022-12-13,2214,52
2022-12-14,2184,57
2022-12-15,2201,59
2022-12-16,2183,52
2022-12-17,2190,59
2022-12-18,2218,54
2022-12-19,2212,58
2022-12-20,2196,50
2022-12-21,2204,54
2022-12-22,2187,55
2022-12-23,2210,45
2022-12-24,2190,62
2022-12-25,2215,66
2022-12-26,2201,58
2022-12-27,2187,64
2022-12-28,2204,50
2022-12-29,2217,54
2022-12-30,2204,62
2022-12-31,2180,59
2023-01-01,2190,62
2023-01-02,2192,57
2023-01-03,2202,65
2023-01-04,2214,45
2023-01-05,2192,61
2023-01-06,2208,44
2023-01-07,2187,56
2023-01-08,2218,60
2023-01-09,2202,53
2023-01-10,2201,69
2023-01-11,2213,52
2023-01-12,2192,59
2023-01-13,2186,42
2023-01-14,2211,61
2023-01-15,2201,61
2023-01-16,2188,48
2023-01-17,2207,61
2023-01-18,2203,57
2023-01-19,2187,59
2023-01-20,2202,61
2023-01-21,2204,54
2023-01-22,2189,56
2023-01-23,2188,64
2023-01-24,2180,59
2023-01-25,2180,56
2023-01-26,2210,54
2023-01-27,2180,63
2023-01-28,2205,57
2023-01-29,2189,56
2023-01-30,2216,66
2023-01-31,2210,62
2023-02-01,2182,65
2023-02-02,2205,55
2023-02-03,2195,61
2023-02-04,2187,58
2023-02-05,2194,60
2023-02-06,2215,62
2023-02-07,2214,56
2023-02-08,2181,56
2023-02-09,2194,57
2023-02-10,2206,64
2023-02-11,2197,63
2023-02-12,2214,67
2023-02-13,2216,55
2023-02-14,2213,55
2023-02-15,2194,58
2023-02-16,2197,59
2023-02-17,2180,61
2023-02-18,2215,59
2023-02-19,2217,71
2023-02-20,2185,53
2023-02-21,2181,56
2023-02-22,2216,59
2023-02-23,2214,61
2023-02-24,2189,64
2023-02-25,2189,58
2023-02-26,2199,64
2023-02-27,2211,58
2023-02-28,2196,61
2023-03-01,2216,59
2023-03-02,2213,59
2023-03-03,2209,54
2023-03-04,2200,63
2023-03-05,2213,51
2023-03-06,2191,59
2023-03-07,2185,64
2023-03-08,2215,63
2023-03-09,2183,58
2023-03-10,2180,70
2023-03-11,2210,57
2023-03-12,2199,47
2023-03-13,2212,68
2023-03-14,2207,56
2023-03-15,2199,66
2023-03-16,2211,72
2023-03-17,2207,62
2023-03-18,2183,61
2023-03-19,2216,62
2023-03-20,2183,63
2023-03-21,2191,61
2023-03-22,2195,67
2023-03-23,2180,61
2023-03-24,2211,61
2023-03-25,2191,67
2023-03-26,2209,62
2023-03-27,2205,61
2023-03-28,2206,63
2023-03-29,2186,67
2023-03-30,2211,67
2023-03-31,2193,59
2023-04-01,2204,55
2023-04-02,2191,70
2023-04-03,2182,61
2023-04-04,2216,56
2023-04-05,2186,64
2023-04-06,2192,71
2023-04-07,2190,62
2023-04-08,2199,65
2023-04-09,2211,73
2023-04-10,2186,60
2023-04-11,2199,62
2023-04-12,2194,67
2023-04-13,2211,65
2023-04-14,2204,64
2023-04-15,2184,63
2023-04-16,2204,74
2023-04-17,2195,62
2023-04-18,2214,59
2023-04-19,2202,64
2023-04-20,2182,63
2023-04-21,2185,59
2023-04-22,2197,68
2023-04-23,2209,61
2023-04-24,2190,60
2023-04-25,2180,65
2023-04-26,2191,60
2023-04-27,2181,65
2023-04-28,2212,64
2023-04-29,2201,68
2023-04-30,2199,62
2023-05-01,2215,64
2023-05-02,2217,67
2023-05-03,2193,70
2023-05-04,2191,59
2023-05-05,2203,59
2023-05-06,2219,63
2023-05-07,2208,59
2023-05-08,2216,60
2023-05-09,2207,68
2023-05-10,2216,71
2023-05-11,2193,66
2023-05-12,2207,75
2023-05-13,2215,60
2023-05-14,2196,63
2023-05-15,2190,70
2023-05-16,2218,66
2023-05-17,2209,69
2023-05-18,2184,68
2023-05-19,2216,62
2023-05-20,2192,60
2023-05-21,2216,64
2023-05-22,2181,67
2023-05-23,2195,69
2023-05-24,2217,58
2023-05-25,2219,66
2023-05-26,2217,67
2023-05-27,2200,68
2023-05-28,2208,63
2023-05-29,2206,70
2023-05-30,2195,63
2023-05-31,2184,70
2023-06-01,2784,63
2023-06-02,2786,66
2023-06-03,2784,58
2023-06-04,2786,62
2023-06-05,2787,69
2023-06-06,2790,67
2023-06-07,2816,68
2023-06-08,2786,67
2023-06-09,2781,61
2023-06-10,2787,66
2023-06-11,2806,69
2023-06-12,2802,64
2023-06-13,2792,65
2023-06-14,2783,73
2023-06-15,2801,58
2023-06-16,2796,71
2023-06-17,2800,58
2023-06-18,2805,66
2023-06-19,2787,66
2023-06-20,2788,64
2023-06-21,2788,67
2023-06-22,2785,69
2023-06-23,2790,65
2023-06-24,2814,67
2023-06-25,2808,71
2023-06-26,2803,66
2023-06-27,2814,60
2023-06-28,2796,66
2023-06-29,2783,63
2023-06-30,2797,65
2023-07-01,2787,68
2023-07-02,2781,63
2023-07-03,2808,68
2023-07-04,2784,68
2023-07-05,2805,77
2023-07-06,2784,64
2023-07-07,2783,68
2023-07-08,2815,71
2023-07-09,2801,60
2023-07-10,2786,60
2023-07-11,2786,65
2023-07-12,2798,58
2023-07-13,2781,67
2023-07-14,2801,63
2023-07-15,2784,65
2023-07-16,2785,63
2023-07-17,2815,61
2023-07-18,2786,62
2023-07-19,2785,70
2023-07-20,2797,69
2023-07-21,2813,62
2023-07-22,2809,63
2023-07-23,2810,76
2023-07-24,2806,73
2023-07-25,2786,63
2023-07-26,2799,63
2023-07-27,2815,72
2023-07-28,2798,77
2023-07-29,2803,71
2023-07-30,2788,69
2023-07-31,2794,67
2023-08-01,2802,63
2023-08-02,2815,67
2023-08-03,2788,70
2023-08-04,2787,74
2023-08-05,2813,66
2023-08-06,2808,64
2023-08-07,2807,65
2023-08-08,2810,77
2023-08-09,2805,68
2023-08-10,2813,67
2023-08-11,2810,69
2023-08-12,2814,63
2023-08-13,2813,71
2023-08-14,2800,72
2023-08-15,2790,76
2023-08-16,2786,70
2023-08-17,2793,71
2023-08-18,2786,72
2023-08-19,2791,74
2023-08-20,2813,71
2023-08-21,2792,69
2023-08-22,2802,69
2023-08-23,2780,65
2023-08-24,2811,72
2023-08-25,2787,77
2023-08-26,2808,61
2023-08-27,2783,69
2023-08-28,2806,73
2023-08-29,2782,69
2023-08-30,2797,73
2023-08-31,2819,74
2023-09-01,2787,67
2023-09-02,2811,65
2023-09-03,2793,71
2023-09-04,2816,64
2023-09-05,2803,76
2023-09-06,2802,72
2023-09-07,2781,72
2023-09-08,2797,66
2023-09-09,2818,62
2023-09-10,2788,74
2023-09-11,2790,70
2023-09-12,2801,68
2023-09-13,2783,68
2023-09-14,2815,62
2023-09-15,2788,72
2023-09-16,2814,73
2023-09-17,2785,67
2023-09-18,2783,82
2023-09-19,2814,70
2023-09-20,2784,65
2023-09-21,2798,71
2023-09-22,2792,73
2023-09-23,2781,68
2023-09-24,2787,77
2023-09-25,2800,80
2023-09-26,2807,71
2023-09-27,2805,69
2023-09-28,2790,68
2023-09-29,2816,67
2023-09-30,2793,69
2023-10-01,2803,75
2023-10-02,2805,68
2023-10-03,2798,79
2023-10-04,2809,71
2023-10-05,2788,73
2023-10-06,2792,69
2023-10-07,2798,76
2023-10-08,2811,67
2023-10-09,2793,66
2023-10-10,2795,74
2023-10-11,2790,75
2023-10-12,2790,73
2023-10-13,2812,70
2023-10-14,2793,80
2023-10-15,2819,80
2023-10-16,2787,69
2023-10-17,2809,75
2023-10-18,2783,73
2023-10-19,2816,72
2023-10-20,2799,78
2023-10-21,2800,75
2023-10-22,2810,73
2023-10-23,2815,75
2023-10-24,2795,74
2023-10-25,2816,72
2023-10-26,2812,67
2023-10-27,2797,74
2023-10-28,2817,68
2023-10-29,2816,69
2023-10-30,2793,84
2023-10-31,2812,79
2023-11-01,2815,71
2023-11-02,2807,74
2023-11-03,2786,71
2023-11-04,2817,77
2023-11-05,2792,76
2023-11-06,2802,80
2023-11-07,2811,72
2023-11-08,2805,72
2023-11-09,2818,74
2023-11-10,2813,79
2023-11-11,2813,63
2023-11-12,2799,75
2023-11-13,2797,81
2023-11-14,2804,75
2023-11-15,2782,79
2023-11-16,2798,72
2023-11-17,2789,73
2023-11-18,2812,78
2023-11-19,2794,70
2023-11-20,2818,71
2023-11-21,2785,73
2023-11-22,2801,75
2023-11-23,2782,63
2023-11-24,2810,79
2023-11-25,2781,74
2023-11-26,2798,73
2023-11-27,2816,76
2023-11-28,2815,76
2023-11-29,2782,67
2023-11-30,2802,79
2023-12-01,2786,83
2023-12-02,2812,76
2023-12-03,2799,76
2023-12-04,2780,75
2023-12-05,2813,76
2023-12-06,2793,75
2023-12-07,2816,73
2023-12-08,2780,78
2023-12-09,2785,79
2023-12-10,2810,79
2023-12-11,2815,78
2023-12-12,2802,71
2023-12-13,2810,75
2023-12-14,2782,68
2023-12-15,2805,77
2023-12-16,2802,74
2023-12-17,2794,77
2023-12-18,2790,80
2023-12-19,2781,68
2023-12-20,2818,70
2023-12-21,2783,71
2023-12-22,2795,73
2023-12-23,2818,76
2023-12-24,2809,74
2023-12-25,2780,66
2023-12-26,2813,76
2023-12-27,2808,68
2023-12-28,2809,76
2023-12-29,2781,73
2023-12-30,2794,77
2023-12-31,2811,71
2024-01-01,2782,83
2024-01-02,2782,82
2024-01-03,2818,80
2024-01-04,2784,78
2024-01-05,2783,84
2024-01-06,2788,76
2024-01-07,2791,76
2024-01-08,2791,74
2024-01-09,2788,76
2024-01-10,2819,78
2024-01-11,2813,77
2024-01-12,2798,66
2024-01-13,2805,77
2024-01-14,2789,70
2024-01-15,2796,78
2024-01-16,2780,78
2024-01-17,2801,71
2024-01-18,2784,75
2024-01-19,2788,80
2024-01-20,2806,79
2024-01-21,2814,73
2024-01-22,2794,83
2024-01-23,2812,73
2024-01-24,2815,82
2024-01-25,2805,76
2024-01-26,2800,69
2024-01-27,2796,74
2024-01-28,2796,77
2024-01-29,2812,72
2024-01-30,2783,83
2024-01-31,2817,84
2024-02-01,2794,75
2024-02-02,2810,73
2024-02-03,2802,77
2024-02-04,2790,77
2024-02-05,2789,81
2024-02-06,2796,72
2024-02-07,2802,79
2024-02-08,2791,79
2024-02-09,2800,79
2024-02-10,2798,83
2024-02-11,2807,78
2024-02-12,2814,79
2024-02-13,2811,83
2024-02-14,2818,81
2024-02-15,2804,83
2024-02-16,2813,69
2024-02-17,2799,77
2024-02-18,2806,75
2024-02-19,2811,80
2024-02-20,2811,78
2024-02-21,2803,80
2024-02-22,2819,74
2024-02-23,2802,78
2024-02-24,2786,71
2024-02-25,2809,76
2024-02-26,2798,80
2024-02-27,2810,76
2024-02-28,2808,91
2024-02-29,2819,78
2024-03-01,2797,85
2024-03-02,2784,76
2024-03-03,2791,82
2024-03-04,2791,80
2024-03-05,2795,76
2024-03-06,2783,81
2024-03-07,2816,83
2024-03-08,2805,83
2024-03-09,2781,80
2024-03-10,2781,71
2024-03-11,2802,74
2024-03-12,2792,74
2024-03-13,2794,85
2024-03-14,2807,74
2024-03-15,2791,80
2024-03-16,2784,86
2024-03-17,2803,82
2024-03-18,2814,89
2024-03-19,2798,72
2024-03-20,2788,78
2024-03-21,2785,82
2024-03-22,2811,73
2024-03-23,2810,83
2024-03-24,2816,75
2024-03-25,2816,72
2024-03-26,2798,87
2024-03-27,2806,89
2024-03-28,2781,92
2024-03-29,2796,78
2024-03-30,2783,79
2024-03-31,2795,81
2024-04-01,2819,77
2024-04-02,2804,83
2024-04-03,2801,83
2024-04-04,2796,79
2024-04-05,2814,76
2024-04-06,2807,84
2024-04-07,2799,76
2024-04-08,2792,77
2024-04-09,2783,87
2024-04-10,2819,82
2024-04-11,2809,78
2024-04-12,2818,76
2024-04-13,2804,82
2024-04-14,2785,83
2024-04-15,2799,77
2024-04-16,2794,74
2024-04-17,2818,81
2024-04-18,2782,84
2024-04-19,2780,77
2024-04-20,2808,80
2024-04-21,2783,85
2024-04-22,2819,86
2024-04-23,2807,87
2024-04-24,2797,81
2024-04-25,2804,78
2024-04-26,2802,85
2024-04-27,2782,67
2024-04-28,2799,80
2024-04-29,2782,80
2024-04-30,2787,91
2024-05-01,2784,83
2024-05-02,2784,82
2024-05-03,2787,83
2024-05-04,2801,85
2024-05-05,2793,78
2024-05-06,2812,88
2024-05-07,2801,85
2024-05-08,2817,91
2024-05-09,2803,78
2024-05-10,2793,91
2024-05-11,2794,87
2024-05-12,2794,82
2024-05-13,2785,81
2024-05-14,2781,82
2024-05-15,2785,78
2024-05-16,2784,88
2024-05-17,2804,77
2024-05-18,2804,85
2024-05-19,2796,83
2024-05-20,2800,83
2024-05-21,2802,84
2024-05-22,2780,84
2024-05-23,2816,83
2024-05-24,2780,93
2024-05-25,2799,77
2024-05-26,2780,90
2024-05-27,2782,86
2024-05-28,2792,77
2024-05-29,2792,84
2024-05-30,2812,85
2024-05-31,2785,92
2024-06-01,3205,96
2024-06-02,3183,87
2024-06-03,3215,79
2024-06-04,3204,84
2024-06-05,3202,88
2024-06-06,3214,88
2024-06-07,3180,81
2024-06-08,3183,88
2024-06-09,3198,81
2024-06-10,3200,80
2024-06-11,3206,92
2024-06-12,3216,78
2024-06-13,3213,72
2024-06-14,3180,82
2024-06-15,3191,82
2024-06-16,3199,91
2024-06-17,3216,76
2024-06-18,3199,86
2024-06-19,3181,72
2024-06-20,3203,83
2024-06-21,3181,85
2024-06-22,3204,89
2024-06-23,3207,87
2024-06-24,3189,83
2024-06-25,3198,75
2024-06-26,3194,94
2024-06-27,3217,81
2024-06-28,3182,84
2024-06-29,3198,84
2024-06-30,3186,77
2024-07-01,3195,78
2024-07-02,3217,88
2024-07-03,3217,82
2024-07-04,3203,84
2024-07-05,3218,86
2024-07-06,3191,86
2024-07-07,3209,82
2024-07-08,3184,86
2024-07-09,3187,84
2024-07-10,3196,84
2024-07-11,3206,90
2024-07-12,3213,88
2024-07-13,3208,79
2024-07-14,3218,87
2024-07-15,3193,86
2024-07-16,3216,85
2024-07-17,3191,81
2024-07-18,3203,84
2024-07-19,3200,96
2024-07-20,3182,82
2024-07-21,3215,86
2024-07-22,3196,87
2024-07-23,3191,80
2024-07-24,3211,103
2024-07-25,3219,85
2024-07-26,3208,86
2024-07-27,3208,89
2024-07-28,3200,93
2024-07-29,3191,91
2024-07-30,3197,87
2024-07-31,3218,93
2024-08-01,3205,85
2024-08-02,3190,79
2024-08-03,3197,84
2024-08-04,3215,83
2024-08-05,3196,87
2024-08-06,3210,91
2024-08-07,3214,88
2024-08-08,3190,86
2024-08-09,3180,89
2024-08-10,3199,88
2024-08-11,3186,81
2024-08-12,3202,86
2024-08-13,3211,82
2024-08-14,3213,92
2024-08-15,3193,85
2024-08-16,3198,85
2024-08-17,3194,84
2024-08-18,3188,91
2024-08-19,3184,89
2024-08-20,3184,86
2024-08-21,3201,90
2024-08-22,3208,91
2024-08-23,3195,98
2024-08-24,3188,92
2024-08-25,3211,93
2024-08-26,3185,89
2024-08-27,3219,80
2024-08-28,3197,91
2024-08-29,3201,94
2024-08-30,3193,93
2024-08-31,3205,90
2024-09-01,3181,89
2024-09-02,3218,86
2024-09-03,3201,90
2024-09-04,3207,95
2024-09-05,3197,96
2024-09-06,3203,91
2024-09-07,3205,81
2024-09-08,3198,88
2024-09-09,3190,90
2024-09-10,3182,95
2024-09-11,3218,88
2024-09-12,3211,97
2024-09-13,3206,96
2024-09-14,3216,83
2024-09-15,3196,79
2024-09-16,3214,83
2024-09-17,3210,97
2024-09-18,3218,83
2024-09-19,3201,86
2024-09-20,3194,96
2024-09-21,3205,86
2024-09-22,3184,92
2024-09-23,3200,92
2024-09-24,3215,89
2024-09-25,3215,92
2024-09-26,3190,89
2024-09-27,3199,89
2024-09-28,3211,96
2024-09-29,3195,95
2024-09-30,3180,87
2024-10-01,3217,97
2024-10-02,3218,82
2024-10-03,3182,87
2024-10-04,3217,83
2024-10-05,3211,87
2024-10-06,3215,98
2024-10-07,3209,94
2024-10-08,3196,91
2024-10-09,3194,99
2024-10-10,3180,87
2024-10-11,3209,89
2024-10-12,3198,87
2024-10-13,3191,99
2024-10-14,3219,98
2024-10-15,3180,84
2024-10-16,3207,86
2024-10-17,3186,95
2024-10-18,3201,87
2024-10-19,3199,86
2024-10-20,3193,100
2024-10-21,3201,83
2024-10-22,3196,86
2024-10-23,3181,89
2024-10-24,3197,95
2024-10-25,3198,87
2024-10-26,3188,94
2024-10-27,3181,82
2024-10-28,3196,90
2024-10-29,3182,92
2024-10-30,3200,97
2024-10-31,3189,90
2024-11-01,3215,87
2024-11-02,3204,90
2024-11-03,3206,96
2024-11-04,3210,89
2024-11-05,3212,96
2024-11-06,3202,91
2024-11-07,3189,89
2024-11-08,3189,84
2024-11-09,3195,99
2024-11-10,3199,96
2024-11-11,3183,94
2024-11-12,3202,89
2024-11-13,3209,89
2024-11-14,3203,91
2024-11-15,3216,90
2024-11-16,3191,86
2024-11-17,3187,99
2024-11-18,3213,91
2024-11-19,3214,93
2024-11-20,3217,92
2024-11-21,3181,91
2024-11-22,3180,100
2024-11-23,3184,93
2024-11-24,3188,90
2024-11-25,3215,91
2024-11-26,3182,86
2024-11-27,3202,91
2024-11-28,3182,88
2024-11-29,3213,88
2024-11-30,3211,92
2024-12-01,3214,90
2024-12-02,3206,101
2024-12-03,3190,99
2024-12-04,3210,84
2024-12-05,3181,100
2024-12-06,3215,96
2024-12-07,3183,100
2024-12-08,3200,97
2024-12-09,3212,85
2024-12-10,3209,95
2024-12-11,3207,88
2024-12-12,3191,95
2024-12-13,3208,88
2024-12-14,3216,89
2024-12-15,3211,98
2024-12-16,3185,107
2024-12-17,3208,103
2024-12-18,3181,93
2024-12-19,3189,99
2024-12-20,3205,90
2024-12-21,3194,99
2024-12-22,3205,92
2024-12-23,3200,93
2024-12-24,3211,96
2024-12-25,3195,88
2024-12-26,3203,93
2024-12-27,3192,86
2024-12-28,3182,86
2024-12-29,3195,87
2024-12-30,3214,84
2024-12-31,3216,94
2025-01-01,3205,92
2025-01-02,3188,94
2025-01-03,3186,91
2025-01-04,3201,103
2025-01-05,3195,94
2025-01-06,3215,91
2025-01-07,3202,100
2025-01-08,3185,99
2025-01-09,3195,95
2025-01-10,3213,98
2025-01-11,3196,103
2025-01-12,3211,96
2025-01-13,3201,92
2025-01-14,3206,88
2025-01-15,3187,93
2025-01-16,3193,100
2025-01-17,3200,99
2025-01-18,3194,93
2025-01-19,3199,93
2025-01-20,3180,97
2025-01-21,3202,93
2025-01-22,3197,96
2025-01-23,3209,98
2025-01-24,3192,102
2025-01-25,3192,97
2025-01-26,3211,91
2025-01-27,3184,86
2025-01-28,3211,92
2025-01-29,3216,97
2025-01-30,3202,93
2025-01-31,3195,102
2025-02-01,3184,97
2025-02-02,3185,101
2025-02-03,3192,106
2025-02-04,3195,99
2025-02-05,3197,96
2025-02-06,3203,100
2025-02-07,3192,87
2025-02-08,3188,99
2025-02-09,3183,92
2025-02-10,3188,105
2025-02-11,3214,87
2025-02-12,3214,94
2025-02-13,3199,100
2025-02-14,3192,99
2025-02-15,3209,91
2025-02-16,3205,97
2025-02-17,3198,103
2025-02-18,3197,92
2025-02-19,3184,96
2025-02-20,3217,98
2025-02-21,3182,93
2025-02-22,3190,96
2025-02-23,3218,95
2025-02-24,3188,103
2025-02-25,3184,90
2025-02-26,3201,87
2025-02-27,3192,92
2025-02-28,3209,91
2025-03-01,3212,100
2025-03-02,3180,91
2025-03-03,3215,107
2025-03-04,3192,103
2025-03-05,3190,96
2025-03-06,3212,91
2025-03-07,3192,91
2025-03-08,3201,90
2025-03-09,3213,91
2025-03-10,3201,102
2025-03-11,3182,102
2025-03-12,3195,94
2025-03-13,3188,99
2025-03-14,3219,100
2025-03-15,3186,93
2025-03-16,3193,97
2025-03-17,3189,105
2025-03-18,3196,100
2025-03-19,3202,96
2025-03-20,3210,108
2025-03-21,3190,95
2025-03-22,3197,99
2025-03-23,3193,100
2025-03-24,3215,100
2025-03-25,3198,87
2025-03-26,3190,91
2025-03-27,3202,96
2025-03-28,3197,96
2025-03-29,3186,106
2025-03-30,3216,102
2025-03-31,3201,105
2025-04-01,3182,99
2025-04-02,3198,99
2025-04-03,3185,99
2025-04-04,3214,99
2025-04-05,3182,96
2025-04-06,3184,94
2025-04-07,3198,95
2025-04-08,3216,95
2025-04-09,3186,100
2025-04-10,3212,102
2025-04-11,3208,100
2025-04-12,3198,104
2025-04-13,3192,109
2025-04-14,3211,96
2025-04-15,3209,101
2025-04-16,3208,100
2025-04-17,3217,97
2025-04-18,3201,98
2025-04-19,3189,110
2025-04-20,3188,94
2025-04-21,3219,94
2025-04-22,3203,103
2025-04-23,3212,98
2025-04-24,3207,92
2025-04-25,3214,105
2025-04-26,3203,92
2025-04-27,3195,103
2025-04-28,3213,96
2025-04-29,3202,105
2025-04-30,3214,94
2025-05-01,3189,92
2025-05-02,3190,101
2025-05-03,3188,103
2025-05-04,3219,107
2025-05-05,3194,102
2025-05-06,3207,102
2025-05-07,3182,103
2025-05-08,3205,105
2025-05-09,3199,111
2025-05-10,3200,100
2025-05-11,3189,107
2025-05-12,3201,102
2025-05-13,3208,107
2025-05-14,3216,95
2025-05-15,3203,101
2025-05-16,3187,107
2025-05-17,3207,108
2025-05-18,3207,97
2025-05-19,3201,95
2025-05-20,3217,95
2025-05-21,3191,105
2025-05-22,3210,100
2025-05-23,3208,103
2025-05-24,3215,103
2025-05-25,3186,99
2025-05-26,3202,106
2025-05-27,3195,98
2025-05-28,3216,109
2025-05-29,3207,107
2025-05-30,3188,99
2025-05-31,3205,97
2025-06-01,3189,97
2025-06-02,3211,99
2025-06-03,3203,95
2025-06-04,3205,97
2025-06-05,3203,104
2025-06-06,3218,95
2025-06-07,3181,106
2025-06-08,3202,109
2025-06-09,3212,101
2025-06-10,3201,103
2025-06-11,3199,103
2025-06-12,3193,98
2025-06-13,3206,106
2025-06-14,3205,103
2025-06-15,3197,110
2025-06-16,3203,106
2025-06-17,3183,105
2025-06-18,3209,104
2025-06-19,3195,102
2025-06-20,3210,95
2025-06-21,3192,113
2025-06-22,3198,100
2025-06-23,3202,111
2025-06-24,3217,101
2025-06-25,3217,116
2025-06-26,3191,110
2025-06-27,3217,106
2025-06-28,3215,103
2025-06-29,3208,105
2025-06-30,3200,112
2025-07-01,3200,103
2025-07-02,3219,99
2025-07-03,3190,104
2025-07-04,3210,105
2025-07-05,3216,99
2025-07-06,3213,98
2025-07-07,3208,102
2025-07-08,3195,113
2025-07-09,3213,104
2025-07-10,3218,103
2025-07-11,3212,98
2025-07-12,3190,110
2025-07-13,3199,104
2025-07-14,3194,106
2025-07-15,3217,96
2025-07-16,3203,104
2025-07-17,3180,108
2025-07-18,3205,112
2025-07-19,3184,103
2025-07-20,3192,102
2025-07-21,3196,103
2025-07-22,3203,104
2025-07-23,3215,106
2025-07-24,3209,96
2025-07-25,3216,95
2025-07-26,3205,111
2025-07-27,3194,107
2025-07-28,3207,100
2025-07-29,3183,107
2025-07-30,3219,104
2025-07-31,3185,116
2025-08-01,3216,105
2025-08-02,3191,103
2025-08-03,3190,106
2025-08-04,3214,105
2025-08-05,3199,116
2025-08-06,3211,100
2025-08-07,3216,110
2025-08-08,3204,94
2025-08-09,3184,106
2025-08-10,3211,106
2025-08-11,3184,118
2025-08-12,3202,105
2025-08-13,3206,102
2025-08-14,3187,99
2025-08-15,3181,102
2025-08-16,3210,100
2025-08-17,3195,103
2025-08-18,3216,109
2025-08-19,3214,99
2025-08-20,3213,112
2025-08-21,3197,107
2025-08-22,3213,107
2025-08-23,3182,106
2025-08-24,3196,109
2025-08-25,3217,98
2025-08-26,3219,95
2025-08-27,3184,105
2025-08-28,3193,112
2025-08-29,3215,110
2025-08-30,3219,110
2025-08-31,3203,104
2025-09-01,3218,106
2025-09-02,3192,111
2025-09-03,3217,108
2025-09-04,3195,108
2025-09-05,3216,106
2025-09-06,3209,110
2025-09-07,3212,112
2025-09-08,3185,111
2025-09-09,3209,104
2025-09-10,3209,114
2025-09-11,3197,101
2025-09-12,3195,104
2025-09-13,3202,110
2025-09-14,3201,116
2025-09-15,3218,103
2025-09-16,3208,107
2025-09-17,3201,104
2025-09-18,3202,112
2025-09-19,3211,109
2025-09-20,3201,116
2025-09-21,3202,108
2025-09-22,3208,103
2025-09-23,3219,109
2025-09-24,3196,112
2025-09-25,3217,113
2025-09-26,3217,116
2025-09-27,3216,102
2025-09-28,3207,106
2025-09-29,3201,113
2025-09-30,3199,104
2025-10-01,3184,119
2025-10-02,3196,109
2025-10-03,3216,107
2025-10-04,3202,110
2025-10-05,3190,107
2025-10-06,3211,108
2025-10-07,3181,110
2025-10-08,3203,109
2025-10-09,3203,116
2025-10-10,3194,108
2025-10-11,3208,116
2025-10-12,3188,107
2025-10-13,3200,108
2025-10-14,3183,113
2025-10-15,3185,118
2025-10-16,3207,105
2025-10-17,3195,115
2025-10-18,3198,105
2025-10-19,3196,113
2025-10-20,3185,111
2025-10-21,3186,112
2025-10-22,3200,104
2025-10-23,3187,105
2025-10-24,3211,109
2025-10-25,3190,108
2025-10-26,3188,117
2025-10-27,3218,110
2025-10-28,3182,125
2025-10-29,3195,108
2025-10-30,3202,116
2025-10-31,3206,109
2025-11-01,3192,105
2025-11-02,3216,120
2025-11-03,3208,103
2025-11-04,3190,114
2025-11-05,3204,118
2025-11-06,3212,111
2025-11-07,3212,113
2025-11-08,3188,114
2025-11-09,3194,113
2025-11-10,3195,103
2025-11-11,3214,109
2025-11-12,3188,116
2025-11-13,3194,112
2025-11-14,3194,110
2025-11-15,3216,104
2025-11-16,3199,102
2025-11-17,3198,116
2025-11-18,3189,104
2025-11-19,3203,114
2025-11-20,3202,106
2025-11-21,3185,121
2025-11-22,3190,110
2025-11-23,3215,110
2025-11-24,3207,113
2025-11-25,3214,118
2025-11-26,3206,117
2025-11-27,3187,112
2025-11-28,3213,107
2025-11-29,3180,112
2025-11-30,3215,123
2025-12-01,3197,109
2025-12-02,3213,108
2025-12-03,3192,109
2025-12-04,3196,111
2025-12-05,3208,115
2025-12-06,3181,116
2025-12-07,3213,115
2025-12-08,3192,105
2025-12-09,3205,116
2025-12-10,3211,114
2025-12-11,3212,112
2025-12-12,3218,105
2025-12-13,3218,113
2025-12-14,3207,114
2025-12-15,3199,119
2025-12-16,3192,115
2025-12-17,3197,114
2025-12-18,3207,110
2025-12-19,3185,119
2025-12-20,3217,107
2025-12-21,3216,108
2025-12-22,3217,113
2025-12-23,3192,107
2025-12-24,3214,111
2025-12-25,3210,110
2025-12-26,3191,103
2025-12-27,3205,113
2025-12-28,3189,110
2025-12-29,3200,113
2025-12-30,3214,120
2025-12-31,3214,103
2026-01-01,3181,111
2026-01-02,3199,114
2026-01-03,3189,117
2026-01-04,3219,104
2026-01-05,3213,115
2026-01-06,3180,118
2026-01-07,3209,117
2026-01-08,3188,111
2026-01-09,3188,106
2026-01-10,3195,108
2026-01-11,3217,109
2026-01-12,3208,118
2026-01-13,3195,115
2026-01-14,3209,119
2026-01-15,3213,110
2026-01-16,3185,115
2026-01-17,3218,121
2026-01-18,3183,117
2026-01-19,3188,118
2026-01-20,3202,108
2026-01-21,3183,112
2026-01-22,3194,120
2026-01-23,3214,110
2026-01-24,3190,118
2026-01-25,3189,120
2026-01-26,3213,112
2026-01-27,3184,117
2026-01-28,3192,116
2026-01-29,3200,110
2026-01-30,3211,118
2026-01-31,3191,123
2026-02-01,3207,115
2026-02-02,3192,110
2026-02-03,3208,116
2026-02-04,3192,107
2026-02-05,3198,115
2026-02-06,3188,125
2026-02-07,3181,120
2026-02-08,3194,113
2026-02-09,3195,122
2026-02-10,3194,113
2026-02-11,3198,113
2026-02-12,3216,112
2026-02-13,3205,109
2026-02-14,3188,120
2026-02-15,3216,121
2026-02-16,3183,123
2026-02-17,3214,118
2026-02-18,3208,109
2026-02-19,3218,108
2026-02-20,3186,118
2026-02-21,3200,119
2026-02-22,3180,119
2026-02-23,3217,118
2026-02-24,3184,103
2026-02-25,3180,117
2026-02-26,3209,118
2026-02-27,3219,108
2026-02-28,3194,123
2026-03-01,3210,115
2026-03-02,3195,126
2026-03-03,3214,112
2026-03-04,3188,121
2026-03-05,3197,108
2026-03-06,3194,112
2026-03-07,3219,116
2026-03-08,3206,118
2026-03-09,3185,112
2026-03-10,3203,116
2026-03-11,3212,124
2026-03-12,3200,114
2026-03-13,3191,107
2026-03-14,3182,112
2026-03-15,3181,117
2026-03-16,3205,119
2026-03-17,3209,122
2026-03-18,3215,116
2026-03-19,3197,114
2026-03-20,3206,107
2026-03-21,3190,106
2026-03-22,3206,121
2026-03-23,3202,112
2026-03-24,3214,125
2026-03-25,3198,111
2026-03-26,3208,117
2026-03-27,3208,115
2026-03-28,3185,127
2026-03-29,3192,120
2026-03-30,3213,123
2026-03-31,3205,120
